ID,X,Y
1,10.0,0.0
1,5.000000000000001,8.660254037844386
1,-4.999999999999998,8.660254037844387
1,-10.0,1.2246467991473533e-15
1,-5.000000000000004,-8.660254037844384
1,4.999999999999993,-8.66025403784439
1,10.0,-2.4492935982947065e-15
